,#member_w_connection,#total_member,total_connections,inner_connection_ratio,unique_connections,avg_connection_per_member,avg_per_member_w_connection,avg_collaborator_per_member
Fudan University,55,107,226,0.27876106194690264,52,0.48598130841121495,0.9454545454545454,4.109090909090909
Nanjing University,68,103,359,0.3203342618384401,72,0.6990291262135923,1.0588235294117647,5.279411764705882
Peking University,41,82,196,0.41836734693877553,41,0.5,1.0,4.780487804878049
Shanghai Jiao Tong University,43,73,199,0.31155778894472363,51,0.6986301369863014,1.186046511627907,4.627906976744186
Tsinghua University,41,76,171,0.4269005847953216,32,0.42105263157894735,0.7804878048780488,4.170731707317073
University of Science and Technology of China,40,57,172,0.27906976744186046,42,0.7368421052631579,1.05,4.3
Wuhan University,63,156,235,0.2936170212765957,55,0.3525641025641026,0.873015873015873,3.7301587301587302
Zhejiang University,67,134,290,0.3620689655172414,59,0.44029850746268656,0.8805970149253731,4.3283582089552235
